77763722,Farfan/Salazar/Margot,Asociado
89314225,Rios/Durand/Carlos Edilberto,Contratado
23842717,Henriquez/Espino/Beatriz,Contratado
35297848,Astete/Chang/Guida,Contratado
73357516,Trigueros/Jugo/Luz,Auxiliar
50449903,Florian/Morales/Ydali,Principal
66811104,Pasquel/Quio/Surami Janet,Principal
53566003,Cabrera/Canales/Guillermo Edric,Contratado
47844324,Vilca/Lee/Nestor Hugo,Asociado
48878256,Raffo/Coronado/Rolando,Auxiliar
46923852,Hijar/Pairazaman/Jenny Delicia,Contratado
59121560,Lozada/Yino/Martha,Contratado
71832810,Sueldo/Sedano/Adria,Contratado
84074583,Coronel/Chumpitaz/Heli,Contratado
71180497,Portugal/Benavente/Johana Gloria,Auxiliar
38362262,Coronado/Figueroa/Johan,Principal
26522329,Sanchez/Del_Castillo/Fiorella Rosario,Contratado
29851973,Cortez/Segura/Carmela Ines,Contratado
13219606,Rodriguez/Moreno/Blanca Ofelia,Principal
68167636,Landeo/Sueldo/Adolfo,Asociado
48450395,Ramirez/Astete/Karina Estefania,Auxiliar
45043076,Vega/Vilcara/Carmela Teresa,Principal
32090869,Sueldo/Antezano/Luis Jesus,Principal
68310808,Cano/Polo/Milagros Isabel,Principal
88854166,Pinto/Rojas/Juvenal Francisco,Auxiliar
88000134,Ruiz/Gordillo/Carola Erika,Auxiliar
66849703,Mercado/Coronel/Elia,Principal
68369891,Laura/Wong/Melvin Henrry,Contratado
97849227,Prado/Espinoza/Milagros,Contratado
63736112,Zamora/Zavaleta/Ronal Manuel,Asociado
77982722,Justino/Cruz/Williams,Principal
54141214,Durand/Miranda/Miguel Juan,Contratado
71457094,Arca/Amezquita/Edric Ronald,Asociado
60422425,Palomares/Vera/Henrry Humberto,Asociado
62504139,Calixto/Tomasiche/Monica Doris,Auxiliar
38004399,Auris/Zimic/Javier Daniel Luis,Auxiliar
75945248,Mejia/Rodriguez/Ines Valentina,Contratado
53853385,Solis/Narvaez/Maria Madeleine,Auxiliar
64208029,Gavidia/Mendoza/Ronald Johnny,Auxiliar
62004867,Caro/Polo/Sandro,Contratado
27185429,Solis/Chung/Rolando,Auxiliar
80310768,Minaya/Berrocal/Heli,Contratado
16477908,Baca/Camacho/Milagros Natalia,Principal
79766395,Fuentes/Escalante/Patricia Elizabeth,Auxiliar
40237708,Vega/Munoz/Gonzalo,Principal
69494747,Mendoza/Romero/Virginia Ydali,Contratado
60335381,Diaz/Tang/Enrique,Auxiliar
35912665,Martinez/Cruz/Evert Rony,Contratado
76083813,Zarate/Del_Pozo/Humberto Antonio,Auxiliar
48175022,Alamo/Pairazaman/Miguel Roberto,Contratado
58992942,Narvaez/Castillo/Jesus Rafael,Contratado
84186239,Rivero/Coronado/Hector Alonso,Contratado
94149989,Antezano/Segura/Teresa Delia,Principal
17709280,Moya/Aranda/Johnny,Auxiliar
31107104,Moscoso/Arias/Fiorella,Asociado
48528209,Zavaleta/Coronado/Felicita Eloisa,Auxiliar
14467310,Paredes/Patino/Christian,Contratado
15029228,Valverde/Maeireizo/Melvin Jair,Principal
86577817,Morales/Valverde/Ines Martha,Principal
